UN,EMAIL,IS_DISABLED,MUST_CHANGE_PASSWORD,XITOR_KEY,UMGMT_US_FIRST_NAME,UMGMT_US_LAST_NAME,UMGMT_US_FULL_NAME
RGonzalez,roy.gonzalez@fakeaddress.com,1,0,RGonzalez,Roy,Gonzalez,Roy Gonzalez
DPowell,dennis.powell@fakeaddress.com,1,0,DPowell,Dennis,Powell,Dennis Powell
CMoore,cynthia.moore@fakeaddress.com,1,0,CMoore,Cynthia,Moore,Cynthia Moore
MRogers,martin.rogers@fakeaddress.com,1,0,MRogers,Martin,Rogers,Martin Rogers
ASimmons,andrea.simmons@fakeaddress.com,1,0,ASimmons,Andrea,Simmons,Andrea Simmons
WTurner,walter.turner@fakeaddress.com,1,0,WTurner,Walter,Turner,Walter Turner
CButler,clarence.butler@fakeaddress.com,1,0,CButler,Clarence,Butler,Clarence Butler
LEvans,lisa.evans@fakeaddress.com,1,0,LEvans,Lisa,Evans,Lisa Evans
LPeterson,lois.peterson@fakeaddress.com,1,0,LPeterson,Lois,Peterson,Lois Peterson
PThomas,paul.thomas@fakeaddress.com,1,0,PThomas,Paul,Thomas,Paul Thomas
